solID,AA_alphas,AA_gammas,AA_thetas,AI_alphas,AI_gammas,AI_thetas,AS_alphas,AS_gammas,AS_thetas,BA_alphas,BA_gammas,BA_thetas,BI_alphas,BI_gammas,BI_thetas,LA_alphas,LA_gammas,LA_thetas,LI_alphas,LI_gammas,LI_thetas,RA_alphas,RA_gammas,RA_thetas,RI_alphas,RI_gammas,RI_thetas,SA_alphas,SA_gammas,SA_thetas,SI_alphas,SI_gammas,SI_thetas,TT_alphas,TT_gammas,TT_thetas,UN_alphas,UN_gammas,UN_thetas,lambda,mape,nrmse,decomp.rssd,rsq_train,lambda_hp,lambda_max,pos,Elapsed,ElapsedAccum,iterPar,iterNG,df.int,trial,iterations,coef0,mape.qt10,robynPareto
1_160_10,2.13656179634871,0.306643101351572,0.286774133929633,1.43501372254081,0.963898268854058,0.184768176351382,2.75147257633232,0.854870341978984,0.191435942921926,0.848063777477985,0.675085597730665,0.359398861145334,0.953678520211739,0.867264491227555,0.51168044646754,1.88455814952085,0.828629367436022,0.394212674059714,2.10653888696802,0.788047001718281,0.105501969677735,2.78657989648483,0.380736601047157,0.507099848077504,2.46524103362617,0.994791817191751,0.463081799289705,1.6407741045513,0.803864746019269,0.792862019350736,2.82705017279421,0.963949489523481,0.320106011120953,2.01688177113807,0.689649935209677,0.272589810387343,1.09105029652351,0.807607337786532,0.310630191575314,12.8142376841191,0,0.0750056071774876,0.232264277064199,0.767841422262861,0.000321678495943815,30390.9623547242,0,0.192441940307617,45.2371110916138,10,160,1,1,1600,TRUE,TRUE,1
1_169_10,2.13656179634871,0.306643101351572,0.286774133929633,1.43501372254081,0.963898268854058,0.184768176351382,2.75147257633232,0.920860596027542,0.198162757145005,0.675035714572426,0.750693794419934,0.359398861145334,0.953678520211739,0.867264491227555,0.51168044646754,1.88455814952085,0.828629367436022,0.394212674059714,2.10653888696802,0.788047001718281,0.105501969677735,2.78657989648483,0.380736601047157,0.507099848077504,2.46524103362617,0.994791817191751,0.463081799289705,1.6407741045513,0.803864746019269,0.792862019350736,2.82705017279421,0.963949489523481,0.320106011120953,2.01688177113807,0.689649935209677,0.272589810387343,1.09105029652351,0.807607337786532,0.310630191575314,12.8142376841191,0,0.0750478229098603,0.230392813330793,0.767580015073385,0.000321678495943815,30390.9623547242,0,0.161370038986206,47.9808909893036,10,169,1,1,1690,TRUE,TRUE,1
1_189_10,1.14811806832879,0.327108909691961,0.238524887295031,2.29672285464344,0.51980756265812,0.28889233841177,2.87659627307422,0.883566601364496,0.190968619330523,0.523213350709346,0.741045100557818,0.393219761179606,0.904278305038422,0.758375581289369,0.68829618425684,1.02046640285816,0.683975087371474,0.41442920035432,0.848015220420074,0.381496006790956,0.27205126525456,2.18369646132891,0.42558434232231,0.355426507853097,1.58487646564003,0.49920649383784,0.779401106886932,2.17556256660157,0.807983113330486,0.662638433554946,2.65503351041716,0.967922274696271,0.663969547003413,1.46405627947206,0.61203409793717,0.422847642794661,1.34195912740438,0.94141089549424,0.319713911651195,6.61012321613376,0,0.0769172394974141,0.206805598867051,0.755856789622,0.000117514676810426,30390.9623547242,0,0.141108989715576,54.1177179813385,10,189,1,1,1890,TRUE,TRUE,1
1_193_10,2.13656179634871,0.306643101351572,0.286774133929633,1.25956198439138,0.886443948986802,0.184768176351382,2.75147257633232,0.854870341978984,0.191435942921926,0.848063777477985,0.675085597730665,0.359398861145334,0.953678520211739,0.867264491227555,0.51168044646754,1.88455814952085,0.828629367436022,0.394212674059714,2.10653888696802,0.788047001718281,0.105501969677735,2.6090170576236,0.436564726453678,0.757490762707034,2.88680545709184,0.809521199312328,0.406942173584647,1.45245804365122,0.737746741332507,0.777403822212536,2.82705017279421,0.963949489523481,0.320106011120953,2.01688177113807,0.689649935209677,0.272589810387343,1.09105029652351,0.807607337786532,0.310630191575314,12.8142376841191,0,0.0747333156130725,0.235800097478826,0.769523965231536,0.000321678495943815,30390.9623547242,0,0.135262012481689,55.1235270500183,10,193,1,1,1930,TRUE,TRUE,1
1_195_10,1.14811806832879,0.327108909691961,0.238524887295031,2.29672285464344,0.51980756265812,0.303205175052631,2.95113494019636,0.911979982195637,0.149887448798517,0.837398169802726,0.812221198587645,0.453651531006611,1.02065628290076,0.959477933610073,0.74539136496075,1.31027800509128,0.782101430168128,0.638993540705937,0.707996037431872,0.413104167248379,0.273389761198076,2.32337939478687,0.400160977574274,0.355426507853097,1.58487646564003,0.49920649383784,0.779401106886932,2.17556256660157,0.807983113330486,0.662638433554946,2.65503351041716,0.967922274696271,0.663969547003413,1.46405627947206,0.61203409793717,0.422847642794661,1.34195912740438,0.94141089549424,0.319713911651195,6.61012321613376,0,0.0769406114354535,0.205436999385662,0.755708397221395,0.000117514676810426,30390.9623547242,0,0.122693777084351,55.6101450920105,10,195,1,1,1950,TRUE,TRUE,1
1_196_10,2.13656179634871,0.306643101351572,0.286774133929633,1.25956198439138,0.886443948986802,0.184768176351382,2.75147257633232,0.854870341978984,0.191435942921926,0.848063777477985,0.675085597730665,0.359398861145334,0.953678520211739,0.867264491227555,0.51168044646754,1.88455814952085,0.828629367436022,0.394212674059714,2.10653888696802,0.788047001718281,0.105501969677735,2.05792637366131,0.459324342384208,0.639006221059042,2.40437200276118,0.679707472159406,0.509795455718976,1.64961298617691,0.856201019104781,0.720410332986648,2.80725063288798,0.921325716543861,0.495569200799546,1.96514238483115,0.806380044194531,0.243436172085389,1.09105029652351,0.807607337786532,0.310630191575314,12.8142376841191,0,0.0744822516243635,0.241682202468281,0.771069916610061,0.000321678495943815,30390.9623547242,0,0.142560005187988,55.8814010620117,10,196,1,1,1960,TRUE,TRUE,1
1_199_5,0.535786349590382,0.926017556469266,0.497931296673774,1.52670940094359,0.766194275015891,0.217393015316819,2.84029249581456,0.522808199162108,0.186672728654367,0.624123260384889,0.740620181156293,0.429473957861957,1.17969040663085,0.732316069778667,0.642713729755453,1.05612918972856,0.610946028764622,0.215379367342831,0.715332802557022,0.313460840089346,0.308115017569472,1.66646869058644,0.414245157006325,0.434752494928199,2.17165807499995,0.434751612579354,0.344311390999914,2.34684703887852,0.823327534814434,0.51608805840637,2.31248434359293,0.926112622779426,0.592533347989049,1.63159596259603,0.794307692889387,0.368842375625571,0.821547163288756,0.534721474695401,0.340587674291348,14.5922172982325,0,0.0768536314583637,0.208282210083488,0.756260419543694,0.000380187910983117,30390.9623547242,0,0.136938095092773,56.6388211250305,5,199,1,1,1985,TRUE,TRUE,1
2_106_4,0.710777140552452,0.396693916772618,0.710639453383417,0.966653610006566,0.832369140181275,0.606885785002323,2.87176221009043,0.844920359914253,0.464826257712006,2.45077542378332,0.512229015631057,0.78229489996172,1.11044463990096,0.874331289587277,0.148382327120336,1.10245396044204,0.414905782249979,0.12169355153989,0.94490488967007,0.427813223179138,0.263842603295994,1.48147738646821,0.652910649311866,0.694587384437899,1.07617421239215,0.379632605412692,0.731657461535907,1.46450653391152,0.474168798319417,0.732360815778402,2.58234415684305,0.704760651520949,0.348707859494448,0.946958844716969,0.772030796158591,0.18577626642607,1.84765654076163,0.40571443640225,0.150345450067039,62.4097878554982,0,0.0819044920295006,0.19200821093237,0.723170279186052,0.00195375942985643,30390.9623547242,0,0.179684162139893,30.891047000885,4,106,1,2,1054,TRUE,TRUE,1
2_114_7,0.769048317141981,0.464490991491446,0.714853437652974,1.55992651346275,0.812100090760274,0.742392522127654,2.81572007042692,0.94348108849557,0.534889246220303,2.64019902097288,0.659679431963249,0.758226593437846,0.762826795914956,0.969612645687231,0.229117405866133,0.560821516239979,0.332290823436477,0.19409956542512,0.644984510194757,0.315335713670228,0.680556085794151,0.566574675170006,0.730789021547001,0.701981481274089,1.91097788921955,0.706614308299542,0.227744186494612,0.925310674560614,0.338150034321741,0.712661546169446,2.8330149291383,0.803761850801021,0.259256494793862,1.55543821064031,0.830086994943022,0.279205510112084,0.884555035748433,0.470120873917099,0.190003922093181,153.740842364337,0,0.0889093481408621,0.0995161275872734,0.673793864981605,0.00495926440405126,30390.9623547242,0,0.19637393951416,33.2312209606171,7,114,1,2,1137,TRUE,TRUE,1
2_117_7,0.735504046686029,0.472736445464353,0.696778621720938,1.55292476455868,0.817645454144486,0.694306191769808,2.87889221508071,0.955795177533115,0.517347029537991,2.674989793498,0.630621083326387,0.464132051033,0.762826795914956,0.969612645687231,0.229117405866133,0.560821516239979,0.332290823436477,0.19409956542512,0.644984510194757,0.315335713670228,0.680556085794151,0.566574675170006,0.730789021547001,0.701981481274089,1.91097788921955,0.769258361598182,0.188429996966532,0.894208556738853,0.35798689126472,0.672726837853312,2.70986288530919,0.793164293794724,0.245265957311016,1.63617315956162,0.857235538360398,0.257440749320714,0.847523911488065,0.469490589843387,0.188430811800306,151.183735158251,0,0.0884012011056839,0.107962167439354,0.677511966499834,0.00487511560637481,30390.9623547242,0,0.144727945327759,34.0291059017181,7,117,1,2,1167,TRUE,TRUE,1
2_120_7,0.735504046686029,0.472736445464353,0.696778621720938,1.55292476455868,0.817645454144486,0.694306191769808,2.87889221508071,0.955795177533115,0.517347029537991,2.674989793498,0.630621083326387,0.464132051033,0.762826795914956,0.969612645687231,0.229117405866133,0.560821516239979,0.332290823436477,0.19409956542512,0.644984510194757,0.315335713670228,0.471618686452817,0.754077745800606,0.880221010481414,0.606435381301159,1.65508013227591,0.897428706447376,0.439725515266497,1.0786695789837,0.460069719027724,0.683879498276524,2.54162397218827,0.819632346602391,0.245265957311016,1.63617315956162,0.857235538360398,0.257440749320714,0.847523911488065,0.469490589843387,0.188430811800306,151.183735158251,0,0.0883439979235537,0.110846789042177,0.677929186469153,0.00487511560637481,30390.9623547242,0,0.172672986984253,34.9739139080048,7,120,1,2,1197,TRUE,TRUE,1
2_123_7,0.735504046686029,0.472736445464353,0.696778621720938,1.55292476455868,0.817645454144486,0.694306191769808,2.87889221508071,0.955795177533115,0.517347029537991,2.674989793498,0.630621083326387,0.464132051033,0.762826795914956,0.969612645687231,0.229117405866133,0.560821516239979,0.332290823436477,0.19409956542512,0.644984510194757,0.315335713670228,0.471618686452817,0.754077745800606,0.880221010481414,0.606435381301159,1.65508013227591,0.897428706447376,0.439725515266497,1.0786695789837,0.460069719027724,0.683879498276524,2.54162397218827,0.783693700687917,0.245265957311016,1.63617315956162,0.857235538360398,0.257440749320714,0.847523911488065,0.469490589843387,0.188430811800306,151.183735158251,0,0.0883367737351364,0.111479361204261,0.677981857961599,0.00487511560637481,30390.9623547242,0,0.143611192703247,35.8615660667419,7,123,1,2,1227,TRUE,TRUE,1
2_125_2,0.892690163351872,0.371678198399253,0.774934142391051,0.790215194087876,0.84246501381522,0.774689729282396,2.94838283433536,0.995711948619541,0.559236812239287,2.89285994030533,0.569697688575239,0.499214280789804,0.959710029417961,0.84396562692719,0.102707315176835,0.848919570250031,0.337299151924347,0.101516123850882,0.779628005745732,0.410940575926424,0.750967348932775,0.679123058356467,0.650747085364177,0.770641518934357,2.07728797060053,0.816681672317643,0.121056255036196,0.679340027792478,0.319275296248569,0.753175727882919,2.96536437330043,0.725515221973973,0.216480058955969,2.05545711307252,0.961084496651739,0.232725950728288,0.942483451826053,0.523767308252088,0.160759241195294,135.455679763955,0,0.0879108254474327,0.112915413464096,0.681079829039363,0.00435753975031816,30390.9623547242,0,0.151758909225464,36.4095189571381,2,125,1,2,1242,TRUE,TRUE,1
2_126_7,0.867918268229458,0.466505010315349,0.720849035558068,1.28181270212288,0.774004449852664,0.513161117221426,2.71332344815735,0.96854842793366,0.516856979717631,2.59489071416967,0.697741523500511,0.335458846386565,0.538043082522587,0.994774688028526,0.198967114831723,0.548012759873174,0.311639192383825,0.229337318508545,0.576901214279987,0.328835101889954,0.475106478843074,0.584263210029937,0.834460880304954,0.405150208540231,1.77693991533172,0.897428706447376,0.439725515266497,1.0786695789837,0.460069719027724,0.683879498276524,2.54162397218827,0.819632346602391,0.245265957311016,1.63617315956162,0.857235538360398,0.257440749320714,0.847523911488065,0.493904586209041,0.174248583318274,148.414918356353,0,0.0874925269283289,0.115678414702225,0.684107589330557,0.00478399990957823,30390.9623547242,0,0.142222166061401,36.6940660476685,7,126,1,2,1257,TRUE,TRUE,1
2_135_1,0.856462117540703,0.444119150533238,0.678661579518072,1.18585866615349,0.808623549717298,0.401809910844812,2.89903754760854,0.948806575746448,0.757415268641276,2.52441340717892,0.636027070354037,0.722887788910608,0.619930281971284,0.541501640767372,0.21747621491416,0.545836049575045,0.516908097972546,0.262280364548608,0.805291604873185,0.40858530085643,0.257638138425701,1.00667947302062,0.460652421520262,0.292265519533812,0.767743926963235,0.86022383656403,0.731322271312911,1.5971609005533,0.566212021204231,0.628743650258419,2.53403032525006,0.702544892758438,0.369808863632748,1.01627329184186,0.908180619967711,0.230251777972615,1.0324016010005,0.404588964468595,0.156530290037241,133.7083655802,0,0.086528065040821,0.124091080968062,0.691033597259882,0.00430003946742974,30390.9623547242,0,0.234605073928833,39.4254059791565,1,135,1,2,1341,TRUE,TRUE,1
2_148_6,0.808267216726183,0.45953569242803,0.689368650571961,1.35878281520096,0.782074046006701,0.512763166661805,2.62688989090684,0.952778597068674,0.281691993933994,2.9277982943424,0.434058790819577,0.365343086547661,1.50046349061379,0.535902552594972,0.163101418804636,0.538553481407247,0.366062809621439,0.224476445940479,0.625044470029108,0.360748295401789,0.423317482250307,0.806338395883999,0.813163186295089,0.44612854763724,2.01164020975813,0.888298680464261,0.410194364901363,1.13799405581817,0.488011825423015,0.698369039836106,2.51024908124471,0.775498354380924,0.248831732661662,1.55025898030457,0.857717307170267,0.260280410243907,1.27226431553969,0.526741316574446,0.162913564408359,121.573093334372,0,0.0849148214238352,0.142974321128965,0.702447040879605,0.00390069423601654,30390.9623547242,0,0.124210119247437,43.7165610790253,6,148,1,2,1476,TRUE,TRUE,1
2_157_3,0.649208698521515,0.422751527537665,0.682632537637082,1.60285390481159,0.803333031202423,0.607496278515309,2.65285439102045,0.923468204400405,0.621080008512113,2.07182901970821,0.374237302976382,0.672461419161815,0.942251122897926,0.991448612849797,0.14773050288504,0.51495165456206,0.422909639118782,0.129707738898389,1.04200105456494,0.621628106332463,0.481530120077373,0.749694238609759,0.688639700131457,0.200328802164471,1.98132199333713,0.817812666973172,0.568678890856633,2.01773435949488,0.636075591521024,0.486247075595655,2.00066478245322,0.832837967919934,0.128389195099809,2.61242016213622,0.949701862866221,0.31038091903091,1.40393018894659,0.568428414276326,0.146705766417996,87.3728656311826,0,0.0826405188772099,0.173514986845551,0.718172516302902,0.002775239646301,30390.9623547242,0,0.151262044906616,46.3842070102692,3,157,1,2,1563,TRUE,TRUE,1
2_170_2,0.737579676307623,0.447982763269036,0.701159846662636,1.11236220865509,0.78087409880664,0.300230742274703,2.87956163804348,0.995199791221329,0.574607459237165,2.41322793112296,0.509113748311418,0.212823392944419,0.767962077355369,0.880202754937169,0.165413397330563,0.767573033578409,0.310403198173901,0.108183794376364,1.19188740632722,0.437557123445236,0.701580012439867,1.56688630908742,0.966100078417903,0.365790523968422,0.536105612738279,0.732756538390275,0.768131067633944,1.32209165232666,0.600894708399744,0.416493584119974,1.96688961301094,0.850906274508098,0.273043424285482,1.53328697067683,0.683007582527965,0.230844149332727,2.95366557679002,0.396992313392644,0.156271928506449,49.2935674494424,0,0.0801656289500637,0.200073070549428,0.734799901616436,0.00152213334292428,30390.9623547242,0,0.168678998947144,50.2419140338898,2,170,1,2,1692,TRUE,TRUE,1
2_176_2,0.737579676307623,0.447982763269036,0.701159846662636,1.11236220865509,0.78087409880664,0.300230742274703,2.87956163804348,0.995199791221329,0.574607459237164,2.41322793112296,0.509113748311418,0.212823392944419,0.767962077355368,0.880202754937169,0.165413397330563,0.767573033578409,0.310403198173901,0.108183794376363,1.19188740632722,0.437557123445236,0.701580012439867,1.56688630908742,0.966100078417903,0.365790523968422,0.536105612738279,0.732756538390275,0.768131067633944,1.32209165232666,0.600894708399744,0.416493584119974,1.96688961301094,0.850906274508098,0.170650201529895,2.29254884309573,0.760730932323859,0.383295878826864,2.96106523546878,0.491247341690701,0.181861957600539,49.2935674494424,0,0.0804037766445429,0.193249778529449,0.733221903598049,0.00152213334292428,30390.9623547242,0,0.143573999404907,51.9770019054413,2,176,1,2,1752,TRUE,TRUE,1
2_177_1,0.836272225478749,0.456121120798207,0.711314755982491,1.21150691759376,0.780384265295569,0.506754990582235,2.77027585979218,0.929305670190684,0.480041533106562,2.57364131653224,0.734321807666036,0.359880077780689,0.580586438426795,0.948820746614898,0.208845496403217,0.583064507363665,0.346687945540308,0.304061731787039,0.502130685188821,0.36969002344439,0.414905839419627,1.35463516867933,0.775572251297075,0.725069631026253,2.32771906943787,0.747690173855889,0.134323969883679,0.528382311186528,0.315904723090787,0.66883849317443,2.77422423285634,0.8566815617748,0.280991875233144,1.12748537958907,0.735561119040274,0.238558538293885,1.36653563647207,0.529777395893564,0.1455857785308,131.232824992818,0,0.0859805704223752,0.127511072447749,0.694931113800691,0.00421857484853083,30390.9623547242,0,0.179142951965332,52.2770850658417,1,177,1,2,1761,TRUE,TRUE,1
2_187_3,0.649208698521515,0.422751527537665,0.668172684891454,1.59725250568833,0.807769321909793,0.569027214229032,2.70339210674349,0.933319475630441,0.607046235166263,2.0996616377283,0.350990624066892,0.437185785237937,0.942251122897926,0.991448612849797,0.14773050288504,0.51495165456206,0.422909639118782,0.129707738898389,1.04200105456494,0.621628106332463,0.314380200604306,0.899696695114238,0.688639700131457,0.200328802164471,1.98132199333713,0.817812666973172,0.568678890856633,2.01773435949488,0.636075591521024,0.486247075595655,2.00066478245322,0.832837967919934,0.128389195099808,2.61242016213622,0.949701862866221,0.31038091903091,1.40393018894659,0.568428414276326,0.146705766417996,87.3728656311826,0,0.0823586077454636,0.185808403243397,0.720092029679087,0.002775239646301,30390.9623547242,0,0.146296977996826,55.2825849056244,3,187,1,2,1863,TRUE,TRUE,1
2_190_1,0.703742542474699,0.422042728188243,0.745018673193818,1.16460646370906,0.861916018564133,0.754407707970376,2.97448858740233,0.987795792276612,0.577777505125403,2.94562792942491,0.458128441853371,0.596614764507685,1.15189142637232,0.775471463612879,0.147579058107092,0.830188560802164,0.374505911551728,0.117430085504771,1.03836526231702,0.411618788206795,0.760076705758173,0.652269149299234,0.78772559558885,0.599214037761268,2.32724236524807,0.617579211101063,0.334229426666159,0.734828170878021,0.729866400169502,0.582664688747166,1.93326348737377,0.638790693728129,0.306968717252526,1.62058600939525,0.774995100032182,0.123141240620934,1.37337388467822,0.367627348661942,0.108519449028721,60.1707392920303,0,0.0824521059295892,0.181016814739021,0.71945613397844,0.00188007724550898,30390.9623547242,0,0.231132984161377,56.1951649188995,1,190,1,2,1891,TRUE,TRUE,1
2_191_2,0.727463013822938,0.469133221207378,0.705228681211562,1.56271790307741,0.809202882816113,0.708755510553755,2.83067381962189,0.960980917685799,0.500172118144855,2.65915986847862,0.59401012990747,0.413870319415283,0.787351555306941,0.909326540734546,0.210585885034545,0.56210067271275,0.338594013457416,0.175469949707709,0.693840810644373,0.35647132105255,0.684347822812075,0.568299668598554,0.775995508674301,0.323728897730396,2.49963550791215,0.83056533716327,0.375291921374964,1.46381276080555,0.544125573155563,0.64146248142565,2.58081582762869,0.820187901556145,0.222737859405981,1.8858941354486,0.858425018957783,0.269317855862619,0.966663017409314,0.494173651187215,0.185904757848939,143.80298965152,0,0.0878162694246041,0.113364318208823,0.681765514907026,0.00463223143676742,30390.9623547242,0,0.18520998954773,56.5018489360809,2,191,1,2,1902,TRUE,TRUE,1
3_146_8,2.40294553945093,0.312430627540851,0.136322482640913,1.03211815087471,0.909191059956813,0.16330623622867,2.55987373713458,0.967480900311887,0.492151637805564,0.903498454791055,0.376728104507808,0.617600424886358,2.37143487065682,0.915828583947051,0.188878412151389,2.35260137746878,0.594222787912205,0.448770510553083,2.07692709239862,0.874266618500757,0.244191539569438,0.926674874855549,0.885995634391734,0.612607449612589,2.26072998542215,0.817317106218274,0.303518393581404,1.39462074272074,0.473651044460691,0.547846633750609,2.92282409783843,0.955713803672693,0.760743848942794,2.12415476768885,0.924774896779663,0.212319536134615,0.583594860001203,0.944713383470109,0.707829138314663,9.42241414952191,0,0.0738108681093614,0.257400571915019,0.775178470120379,0.000210061012059004,30390.9623547242,0,0.330878973007202,41.4544491767883,8,146,1,3,1458,TRUE,TRUE,1
3_168_6,2.25744706452679,0.301196727085896,0.270919548272437,1.25369288532314,0.855038640784109,0.660298286775034,2.87562861514049,0.929225360927187,0.208283686843035,1.3679924075215,0.980159004138103,0.41884016883259,2.85943857886046,0.916177397401141,0.58256968290095,0.720919187890342,0.551899123942071,0.1593475696834,0.76956864398166,0.793070537451874,0.40147902991113,2.52775989419449,0.425531299381073,0.785331460407142,2.99790747708903,0.963159666975361,0.189996288633646,1.20124246368886,0.513293435711312,0.209537696092381,2.9883750681977,0.939489067922798,0.683970981673804,2.69910922260209,0.719624777644708,0.192271258435456,0.659922396391694,0.995384241612271,0.594625467673279,3.49074064521771,0,0.0760413431719582,0.214275161807893,0.761385499841321,1.48626283508572e-05,30390.9623547242,0,0.167778968811035,48.2056181430817,6,168,1,3,1676,TRUE,TRUE,1
3_180_6,2.23438370821933,0.311328643273034,0.272026265582137,1.27327292413499,0.778243084954173,0.326056634393769,2.48483597277898,0.929225360927187,0.208283686843035,1.3679924075215,0.980159004138103,0.41884016883259,2.85943857886046,0.916177397401141,0.58256968290095,0.720919187890342,0.551899123942071,0.1593475696834,0.76956864398166,0.793070537451874,0.297378189762634,2.73682305228314,0.492078039220351,0.420792602367516,2.98238703737758,0.765985315732291,0.449646239289019,1.13582660968027,0.781071348737765,0.21289543737345,2.9285057674951,0.909832575594011,0.64134639824491,1.99771547792398,0.633147910712039,0.250769398020677,0.635566517736005,0.701028926184192,0.598175951908679,11.2350165794925,0,0.07546442175353,0.2230567227117,0.764992474519015,0.000269709788138635,30390.9623547242,0,0.243492126464844,51.737713098526,6,180,1,3,1796,TRUE,TRUE,1
3_183_1,2.29192120447034,0.309938625910223,0.280495810958523,1.16450695608826,0.86569019722471,0.430613479845671,2.86278251642882,0.90145403986982,0.43672598481239,0.531499559173719,0.929269642048663,0.658043654910552,2.24224492948603,0.967806202324082,0.67748578609926,0.611868228000692,0.614030158540376,0.19537902456444,0.570658694680922,0.635867849765312,0.538177103326702,1.71998393718407,0.476369034588358,0.315568585410676,1.43039078631768,0.871467314198311,0.418671127852895,2.13841995565147,0.86644394681874,0.204418242971136,2.89138261134278,0.948267807183723,0.75470594144831,2.22929143385162,0.917590043677993,0.194139793171861,0.846609075591606,0.712774343313907,0.700170465891841,119.348559897877,0,0.0822899417252733,0.188606604014647,0.720558578459239,0.0038274897127073,30390.9623547242,0,0.192658185958862,52.5998811721802,1,183,1,3,1821,TRUE,TRUE,1
3_196_9,2.3402838657596,0.30216206840058,0.210259144753145,1.43851649077286,0.774607266900863,0.606371720595349,2.7745458578664,0.916689159260424,0.138947982881146,0.741101717570988,0.986811153407023,0.492574560450243,2.92785240545917,0.872529304869794,0.5565772942617,0.936133169293403,0.603924316821579,0.410110936173021,1.07424445974497,0.828148934469057,0.36624730083732,2.90585064065472,0.515052876493765,0.533067334832332,2.94916958760208,0.930383336885069,0.15714401226815,0.947212268112195,0.743974320915715,0.104535901040948,2.8785329721096,0.936625076842135,0.703946912545358,2.71235390401496,0.862033531261579,0.200633964563576,1.24011058548149,0.621835393339742,0.680072150931622,18.397419367704,0,0.0754783781266331,0.220870018878832,0.764905542003823,0.000505408777085196,30390.9623547242,0,0.176142930984497,56.3321011066437,9,196,1,3,1959,TRUE,TRUE,1
3_199_10,2.20445823708961,0.312106456978698,0.155362041669484,1.90427080108869,0.459738335692945,0.644105142739989,2.96951790678183,0.995541565712814,0.199079038742315,0.976970068125603,0.851246833800435,0.7898332315253,1.13814129965904,0.859563453457212,0.68552339567489,1.19530153639046,0.491140075733413,0.15437007789233,0.680486779144807,0.88236937495963,0.371507276702605,1.85977485391371,0.996399429721545,0.785075576388143,2.22138281397239,0.617153125934505,0.283440712409259,1.50937500746524,0.445725635539209,0.313811204235628,2.7903175588089,0.958558077514201,0.68413665592468,2.54596190028857,0.699836305692108,0.139950788055696,1.84063236009061,0.379340139743454,0.70533249006552,27.8008974883401,0,0.0768253586350632,0.209773372323555,0.756439719816028,0.000814856646906614,30390.9623547242,0,0.187372922897339,57.2422449588776,10,199,1,3,1990,TRUE,TRUE,1
3_199_9,2.3402838657596,0.30216206840058,0.210259144753145,1.43851649077286,0.774607266900863,0.606371720595349,2.7745458578664,0.916689159260424,0.138947982881146,0.741101717570987,0.986811153407023,0.492574560450243,2.92785240545917,0.872529304869794,0.5565772942617,0.936133169293403,0.603924316821579,0.340838512672655,0.610970553980503,0.931555879038579,0.263112853706549,2.06628288416863,0.6161017398031,0.652822877889449,2.91940740288617,0.903135709273567,0.292321850953247,0.864668880155872,0.527977453346356,0.29563866710911,2.89725797218089,0.895477971277039,0.700904676443439,2.87191520414723,0.893410039140903,0.273711087719927,0.996740157514582,0.675756536358513,0.631918495391855,14.9071202127334,0,0.0756610839551079,0.218383693675028,0.763766007324581,0.000390550676211336,30390.9623547242,0,0.182708024978638,57.2334380149841,9,199,1,3,1989,TRUE,TRUE,1
4_159_9,0.525434807856656,0.901335124280007,0.235286030807994,1.07425183741719,0.977389802764924,0.266234016713467,2.2287603275227,0.669522591675618,0.14759995642903,2.17218998522016,0.859605548286212,0.64348614720167,1.50058427915072,0.701859902230617,0.578706451509932,1.36695255585506,0.828364796304296,0.230834086864685,0.601195034074031,0.376995896466712,0.71028335291987,1.97683009383476,0.900843629037436,0.690629860592031,2.00723749854911,0.775075634181279,0.312177932135091,2.28010142061946,0.634843876941434,0.760787814589599,2.83553590116436,0.642740595105237,0.550605679526498,1.87804452361669,0.923895812797772,0.212788859000793,2.86609392946915,0.642346292766453,0.344594683729032,25.4436770700925,0,0.0762936383775798,0.212365770068565,0.759799489866567,0.00073728568563373,30390.9623547242,0,0.257461071014404,45.3665227890015,9,159,1,4,1589,TRUE,TRUE,1
4_172_4,0.528192388880403,0.878783045634871,0.1437676712277,1.13450230063858,0.987450361787542,0.138653578557637,2.39937001073995,0.745213344029344,0.180933091874819,2.18931722842528,0.480479656753429,0.763161321546312,1.39877684548335,0.955970068595042,0.382999901114524,1.75055235765077,0.605060238856246,0.147941328937702,0.793686301850451,0.662708341362131,0.442984951393592,2.83995239179454,0.576652128937955,0.411460835568509,2.18639053337118,0.484538119633766,0.71084854116332,2.51375643786044,0.433008584249375,0.514890228673563,2.57402536403096,0.651304277193314,0.653017478054855,1.10133363538983,0.956416480712313,0.169661308519006,2.90563703103913,0.615584584745078,0.265461286389332,5.1007587683761,0,0.0759002602065718,0.215600633764536,0.762270103144695,6.78447985854961e-05,30390.9623547242,0,0.223002910614014,49.1921298503876,4,172,1,4,1714,TRUE,TRUE,1
4_182_7,0.581037593649352,0.939673090387074,0.156958995031076,0.876588818032708,0.962875442558493,0.220390883857706,1.65283813944897,0.766309665067635,0.198642994064598,2.31540605479037,0.826392657785686,0.653578537961554,1.41295434203702,0.801605216937715,0.545920341232435,1.92178071219808,0.453175675218113,0.459247283983234,2.18248597185601,0.84047651396495,0.191061542524856,1.90766002084451,0.795729796389344,0.616724526118636,2.19153123234602,0.948451197341219,0.180039631365713,2.00290885945069,0.746952532890933,0.688606448021133,2.82002347801638,0.538280911886637,0.500155482022658,2.11949482173592,0.996345828449201,0.164017124355616,2.93920354356929,0.656150355466058,0.39954033168381,5.59476906545819,0,0.0737670172152564,0.267374374196205,0.775445522841927,8.41015955005038e-05,30390.9623547242,0,0.143435001373291,52.1241717338562,7,182,1,4,1817,TRUE,TRUE,1
4_194_7,0.581037593649352,0.939673090387074,0.156958995031076,0.876588818032708,0.962875442558493,0.220390883857706,1.65283813944897,0.766309665067635,0.198642994064598,2.57241073929485,0.965387320498465,0.716396758762548,0.677560902808198,0.737030646847818,0.376725047876589,2.96041688773818,0.453175675218113,0.459247283983234,2.18248597185601,0.84047651396495,0.191061542524856,1.90766002084451,0.795729796389344,0.616724526118636,2.19153123234602,0.948451197341219,0.180039631365713,2.00290885945069,0.746952532890933,0.688606448021133,2.82002347801638,0.538280911886637,0.500155482022658,2.11949482173592,0.996345828449201,0.164017124355616,2.93920354356929,0.656150355466058,0.39954033168381,5.59476906545594,0,0.0737670172152564,0.267374374196205,0.775445522841927,8.41015955004298e-05,30390.9623547242,0,0.152209043502808,55.7735178470612,7,194,1,4,1937,TRUE,TRUE,1
5_172_10,0.623295872659022,0.842130561461376,0.337706431591707,1.7663102711206,0.63730869534698,0.271093227779157,2.33003929444161,0.940460210409468,0.175908504432965,2.38672200772526,0.896568998560125,0.359178835390441,2.89546275627066,0.562563295459818,0.598438407758643,1.87234648789065,0.316492381110541,0.55222705029543,0.796738533554432,0.888092334597781,0.442122186222452,1.81639430787493,0.800987469934989,0.560485976715467,0.694662666120404,0.90185748126732,0.479916151107067,2.54444618068859,0.611605596132229,0.274571558025105,2.86076953447898,0.860047801094676,0.595366081406993,1.86932289960204,0.4095402629037,0.313733747320569,1.98332813438905,0.657170054164355,0.747105683781707,16.251205110348,0,0.0770183355875397,0.204010410558477,0.755214589135054,0.000434781566429843,30390.9623547242,0,0.243019104003906,48.0073661804199,10,172,1,5,1720,TRUE,TRUE,1
5_179_4,0.96746311771168,0.645532405307382,0.455819798721562,1.29627613403416,0.610136780080957,0.663569784122236,2.73540601183244,0.906099676135707,0.472527967939324,0.60632888590201,0.838327822390975,0.48780133359725,2.61374483131433,0.691013619831546,0.515439775418721,0.504134684800893,0.338900486191916,0.406610903464428,0.65864261252856,0.961843909359702,0.758393103865204,0.927563958425431,0.843603296998588,0.613860673191752,0.805102604911955,0.623567548315512,0.347552236849546,2.33679138660049,0.857662958703551,0.370341102605673,2.9201870023128,0.979979962537221,0.742038858711532,0.626954376974114,0.98983124659908,0.616756903774445,1.57306406737936,0.722150339213985,0.66378319610133,115.424025508236,0,0.0854449194651219,0.138913422344988,0.698720375123243,0.00369834188130539,30390.9623547242,0,0.146087884902954,50.0307710170746,4,179,1,5,1784,TRUE,TRUE,1
5_189_10,0.85645563588358,0.718167416312358,0.441831790081634,1.64623302336398,0.611678633561712,0.657532298491704,2.58643636736016,0.90284858936566,0.288296660467773,0.766862333626098,0.735774123051248,0.484575908225831,1.89158010051069,0.896851703978556,0.247810640952126,0.619234652991388,0.554086186505299,0.15809122418373,0.806054881173972,0.980406725976238,0.707910535092411,1.13523772657841,0.790769586302807,0.690929859899133,1.35954684777657,0.702620180088759,0.224968669360028,2.39771086189527,0.986359568059171,0.373393557008479,2.96204546043305,0.963968233326512,0.783802771610813,1.71456537106762,0.590220465732011,0.351002513362833,1.15768264358261,0.789678599020396,0.678476068624274,104.310463981085,0,0.0829706377266566,0.155546232322053,0.715916422329514,0.00333261891193315,30390.9623547242,0,0.154299974441528,52.9597411155701,10,189,1,5,1890,TRUE,TRUE,1
5_195_1,0.655480299661232,0.780374501507198,0.306870733419004,1.69133916784494,0.637350137367755,0.247200183969492,2.52488649071717,0.892913353174594,0.439359142084571,2.02171450207095,0.94752395863227,0.686134819840772,2.78826654562505,0.648138201909944,0.424688724801013,1.91882132438158,0.303157475015103,0.745647917070442,0.541768131677593,0.953334182980673,0.167423742582107,2.30157198257337,0.682257084672355,0.753585107010664,0.726991781499151,0.891643172503636,0.614398224735471,1.57048280508949,0.77012631759696,0.320687918140767,2.71328273269133,0.980788192809871,0.615383716994729,1.22804413699825,0.700321798733798,0.376864215523241,1.65012158471902,0.727721293217674,0.680218454152528,6.18410188726063,0,0.0773765566581364,0.201832518491197,0.752932243948592,0.000103495247932406,30390.9623547242,0,0.148445844650269,54.7136251926422,1,195,1,5,1941,TRUE,TRUE,1
5_200_1,0.612238349870912,0.989412004909064,0.327485958343995,1.96761185938904,0.64019315553354,0.269089687294586,2.23943399859284,0.937266533313446,0.177349405256711,2.61915180375458,0.951279330961434,0.204417542387944,2.02058106009649,0.460105064419084,0.247839629408337,1.99080290487408,0.410466357146991,0.778934386060989,0.679440767621302,0.912791211900893,0.226660607037993,2.14885128906275,0.483112831424012,0.531123245177659,1.78273067741165,0.974705675934077,0.630320784941563,0.714374220892049,0.783275907175687,0.290640299379259,2.72398493714845,0.916971556338543,0.587374831260566,1.53755033257656,0.834902893906506,0.260705851221329,1.50078369373623,0.716802031844417,0.542407626584216,12.042840663165,0,0.0764938683965254,0.210746829342304,0.758537039523002,0.000296293509467693,30390.9623547242,0,0.152411937713623,56.2020180225372,1,200,1,5,1991,TRUE,TRUE,1
